<?xml version="1.0" encoding="utf-8"?>
<extension type="component" version="1.7.0" method="upgrade">
 
	<name>Portfolio</name>
	<!-- The following elements are optional and free of formatting constraints -->
	<creationDate>October 2011</creationDate>
	<author>Maciej Baran</author>
	<authorEmail>maciek@websize.pl</authorEmail>
	<authorUrl>http://www.websize.pl</authorUrl>
	<copyright>WebSize</copyright>
	<license>Commercial</license>
	<!--  The version string is recorded in the components table -->
	<version>0.0.9</version>
	<!-- The description is optional and defaults to the name -->
	<description></description>
 	
	<install> <!-- Runs on install -->
		<sql>
			<file driver="mysql" charset="utf8">sql/install.mysql.utf8.sql</file>
		</sql>
	</install>
	<uninstall> <!-- Runs on uninstall -->
		<sql>
			<file driver="mysql" charset="utf8">sql/uninstall.mysql.utf8.sql</file>
		</sql>
	</uninstall>	
	<update> <!-- Runs on update; New in 1.6 -->
		<schemas>
			<schemapath type="mysql">sql/updates/mysql</schemapath>
		</schemas>
	</update>
 
	<!-- Site Main File Copy Section -->
	<!-- Note the folder attribute: This attribute describes the folder
		to copy FROM in the package to install therefore files copied
		in this section are copied from /site/ in the package -->
	<files folder="site">
		<filename>index.html</filename>
		<filename>portfolio.php</filename>
		<filename>controller.php</filename>
		<folder>views</folder>
		<folder>models</folder>
		<folder>language</folder>
	</files>
 
	<administration>
		<!-- Administration Menu Section -->
		<menu>COM_PORTFOLIO_MENU</menu>
		<!-- Administration Main File Copy Section -->
		<!-- Note the folder attribute: This attribute describes the folder
			to copy FROM in the package to install therefore files copied
			in this section are copied from /admin/ in the package -->
		<files folder="admin">
			<!-- Admin Main File Copy Section -->
			<filename>index.html</filename>
			<filename>portfolio.php</filename>
			<filename>controller.php</filename>
			<!-- SQL files section -->
			<folder>sql</folder>
			<!-- tables files section -->
			<folder>tables</folder>
			<!-- models files section -->
			<folder>models</folder>
			<!-- views files section -->
			<folder>views</folder>
			<!-- controllers files section -->
			<folder>controllers</folder>
		</files>
		<languages folder="admin">
			<language tag="en-GB">language/en-GB/en-GB.com_portfolio.ini</language>
			<language tag="en-GB">language/en-GB/en-GB.com_portfolio.sys.ini</language>
			<language tag="pl-PL">language/pl-PL/pl-PL.com_portfolio.ini</language>
			<language tag="pl-PL">language/pl-PL/pl-PL.com_portfolio.sys.ini</language>
		</languages>
	</administration>
 
</extension>